timeStamp,elapsed,label,responseCode,responseMessage,threadName,dataType,success,failureMessage,bytes,sentBytes,grpThreads,allThreads,URL,Latency,IdleTime,Connect
1627491152796,1800,HTTP Request for Calling code,200,,Users 1-2,text,true,,1814,144,372,372,https://restcountries.eu/rest/v2/callingcode/372,1785,0,769
1627491152830,1796,HTTP Request for Calling code,200,,Users 1-18,text,true,,1814,144,372,372,https://restcountries.eu/rest/v2/callingcode/372,1796,0,852
1627491152796,1836,HTTP Request for Calling code,200,,Users 1-1,text,true,,1816,144,372,372,https://restcountries.eu/rest/v2/callingcode/372,1836,0,802
1627491152807,1835,HTTP Request for Calling code,200,,Users 1-5,text,true,,1820,144,372,372,https://restcountries.eu/rest/v2/callingcode/372,1835,0,850
1627491152843,1859,HTTP Request for Calling code,200,,Users 1-24,text,true,,1814,144,372,372,https://restcountries.eu/rest/v2/callingcode/372,1859,0,868
1627491152843,1876,HTTP Request for Calling code,200,OK,Users 1-25,text,true,,1812,144,372,372,https://restcountries.eu/rest/v2/callingcode/372,1876,0,828
1627491152799,1937,HTTP Request for Calling code,200,,Users 1-3,text,true,,1814,144,372,372,https://restcountries.eu/rest/v2/callingcode/372,1937,0,846
1627491152826,1912,HTTP Request for Calling code,200,,Users 1-14,text,true,,1818,144,372,372,https://restcountries.eu/rest/v2/callingcode/372,1912,0,831
1627491152820,1973,HTTP Request for Calling code,200,,Users 1-12,text,true,,1808,144,372,372,https://restcountries.eu/rest/v2/callingcode/372,1972,0,907
1627491152834,1977,HTTP Request for Calling code,200,,Users 1-19,text,true,,1818,144,372,372,https://restcountries.eu/rest/v2/callingcode/372,1976,0,907
1627491152970,1870,HTTP Request for Calling code,200,,Users 1-87,text,true,,1814,144,372,372,https://restcountries.eu/rest/v2/callingcode/372,1870,0,1508
1627491152817,2110,HTTP Request for Calling code,200,,Users 1-10,text,true,,1818,144,372,372,https://restcountries.eu/rest/v2/callingcode/372,2110,0,924
1627491152853,2074,HTTP Request for Calling code,200,OK,Users 1-30,text,true,,1814,144,372,372,https://restcountries.eu/rest/v2/callingcode/372,2073,0,906
1627491152828,2128,HTTP Request for Calling code,200,,Users 1-15,text,true,,1820,144,372,372,https://restcountries.eu/rest/v2/callingcode/372,2114,0,958
1627491153540,1416,HTTP Request for Calling code,200,,Users 1-271,text,true,,1818,144,372,372,https://restcountries.eu/rest/v2/callingcode/372,1416,0,975
1627491152837,2149,HTTP Request for Calling code,200,,Users 1-20,text,true,,1812,144,372,372,https://restcountries.eu/rest/v2/callingcode/372,2149,0,935
1627491152830,2240,HTTP Request for Calling code,200,,Users 1-17,text,true,,1818,144,372,372,https://restcountries.eu/rest/v2/callingcode/372,2240,0,956
1627491152813,2248,HTTP Request for Calling code,200,,Users 1-9,text,true,,1818,144,372,372,https://restcountries.eu/rest/v2/callingcode/372,2248,0,858
1627491152835,2239,HTTP Request for Calling code,200,,Users 1-21,text,true,,1814,144,372,372,https://restcountries.eu/rest/v2/callingcode/372,2239,0,846
1627491152810,2267,HTTP Request for Calling code,200,,Users 1-7,text,true,,1812,144,372,372,https://restcountries.eu/rest/v2/callingcode/372,2267,0,991
1627491152847,2308,HTTP Request for Calling code,200,OK,Users 1-22,text,true,,1816,144,401,401,https://restcountries.eu/rest/v2/callingcode/372,2308,0,849
1627491153764,1432,HTTP Request for Calling code,200,OK,Users 1-199,text,true,,1818,144,406,406,https://restcountries.eu/rest/v2/callingcode/372,1432,0,940
1627491152871,2400,HTTP Request for Calling code,200,OK,Users 1-39,text,true,,1820,144,407,407,https://restcountries.eu/rest/v2/callingcode/372,2400,0,946
1627491152884,2522,HTTP Request for Calling code,200,,Users 1-40,text,true,,1824,144,442,442,https://restcountries.eu/rest/v2/callingcode/372,2522,0,947
1627491152815,2599,HTTP Request for Calling code,200,,Users 1-11,text,true,,1820,144,442,442,https://restcountries.eu/rest/v2/callingcode/372,2599,0,1002
1627491152849,2600,HTTP Request for Calling code,200,OK,Users 1-28,text,true,,1814,144,443,443,https://restcountries.eu/rest/v2/callingcode/372,2600,0,982
1627491152999,2540,HTTP Request for Calling code,200,OK,Users 1-57,text,true,,1822,144,442,442,https://restcountries.eu/rest/v2/callingcode/372,2540,0,1259
1627491152806,2735,HTTP Request for Calling code,200,OK,Users 1-6,text,true,,1816,144,441,441,https://restcountries.eu/rest/v2/callingcode/372,2735,0,1439
1627491153374,2172,HTTP Request for Calling code,200,,Users 1-73,text,true,,1818,144,440,440,https://restcountries.eu/rest/v2/callingcode/372,2172,0,849
1627491153510,2038,HTTP Request for Calling code,200,,Users 1-308,text,true,,1816,144,439,439,https://restcountries.eu/rest/v2/callingcode/372,2038,0,843
1627491152825,2724,HTTP Request for Calling code,200,,Users 1-16,text,true,,1816,144,438,438,https://restcountries.eu/rest/v2/callingcode/372,2724,0,1390
1627491153812,1755,HTTP Request for Calling code,200,,Users 1-139,text,true,,1820,144,437,437,https://restcountries.eu/rest/v2/callingcode/372,1755,0,1263
1627491153787,1789,HTTP Request for Calling code,200,,Users 1-185,text,true,,1812,144,436,436,https://restcountries.eu/rest/v2/callingcode/372,1789,0,1289
1627491153557,2051,HTTP Request for Calling code,200,OK,Users 1-269,text,true,,1816,144,435,435,https://restcountries.eu/rest/v2/callingcode/372,2051,0,796
1627491152856,2826,HTTP Request for Calling code,200,,Users 1-31,text,true,,1822,144,434,434,https://restcountries.eu/rest/v2/callingcode/372,2812,0,1175
1627491152940,2743,HTTP Request for Calling code,200,,Users 1-54,text,true,,1816,144,433,433,https://restcountries.eu/rest/v2/callingcode/372,2743,0,1574
1627491153014,2678,HTTP Request for Calling code,200,,Users 1-68,text,true,,1814,144,432,432,https://restcountries.eu/rest/v2/callingcode/372,2678,0,1495
1627491152887,2806,HTTP Request for Calling code,200,,Users 1-44,text,true,,1814,144,431,431,https://restcountries.eu/rest/v2/callingcode/372,2806,0,1649
1627491152813,2903,HTTP Request for Calling code,200,OK,Users 1-8,text,true,,1816,144,430,430,https://restcountries.eu/rest/v2/callingcode/372,2903,0,1657
1627491152947,2770,HTTP Request for Calling code,200,,Users 1-56,text,true,,1820,144,429,429,https://restcountries.eu/rest/v2/callingcode/372,2761,0,1562
1627491152801,2917,HTTP Request for Calling code,200,,Users 1-4,text,true,,1814,144,428,428,https://restcountries.eu/rest/v2/callingcode/372,2917,0,1805
1627491152934,2799,HTTP Request for Calling code,200,,Users 1-52,text,true,,1810,144,427,427,https://restcountries.eu/rest/v2/callingcode/372,2785,0,1588
1627491152881,2853,HTTP Request for Calling code,200,OK,Users 1-38,text,true,,1818,144,426,426,https://restcountries.eu/rest/v2/callingcode/372,2853,0,1714
1627491153779,1963,HTTP Request for Calling code,200,,Users 1-195,text,true,,1820,144,425,425,https://restcountries.eu/rest/v2/callingcode/372,1955,0,823
1627491152865,2877,HTTP Request for Calling code,200,,Users 1-36,text,true,,1814,144,425,425,https://restcountries.eu/rest/v2/callingcode/372,2877,0,1701
1627491153569,2173,HTTP Request for Calling code,200,,Users 1-267,text,true,,1814,144,424,424,https://restcountries.eu/rest/v2/callingcode/372,2173,0,879
1627491153598,2157,HTTP Request for Calling code,200,OK,Users 1-266,text,true,,1820,144,422,422,https://restcountries.eu/rest/v2/callingcode/372,2145,0,846
1627491152866,2890,HTTP Request for Calling code,200,OK,Users 1-33,text,true,,1820,144,421,421,https://restcountries.eu/rest/v2/callingcode/372,2890,0,1715
1627491152898,2870,HTTP Request for Calling code,200,OK,Users 1-46,text,true,,1820,144,420,420,https://restcountries.eu/rest/v2/callingcode/372,2870,0,1683
1627491153747,2042,HTTP Request for Calling code,200,,Users 1-216,text,true,,1816,144,419,419,https://restcountries.eu/rest/v2/callingcode/372,2041,0,855
1627491153766,2034,HTTP Request for Calling code,200,,Users 1-194,text,true,,1810,144,418,418,https://restcountries.eu/rest/v2/callingcode/372,2024,0,860
1627491152839,2974,HTTP Request for Calling code,200,,Users 1-23,text,true,,1812,144,417,417,https://restcountries.eu/rest/v2/callingcode/372,2974,0,1773
1627491153805,2023,HTTP Request for Calling code,200,,Users 1-156,text,true,,1810,144,416,416,https://restcountries.eu/rest/v2/callingcode/372,2023,0,821
1627491153810,2027,HTTP Request for Calling code,200,OK,Users 1-125,text,true,,1818,144,415,415,https://restcountries.eu/rest/v2/callingcode/372,2027,0,832
1627491153719,2132,HTTP Request for Calling code,200,,Users 1-76,text,true,,1814,144,414,414,https://restcountries.eu/rest/v2/callingcode/372,2118,0,883
1627491153750,2102,HTTP Request for Calling code,200,,Users 1-204,text,true,,1814,144,413,413,https://restcountries.eu/rest/v2/callingcode/372,2102,0,867
1627491153719,2153,HTTP Request for Calling code,200,,Users 1-80,text,true,,1812,144,412,412,https://restcountries.eu/rest/v2/callingcode/372,2141,0,898
1627491153790,2083,HTTP Request for Calling code,200,,Users 1-183,text,true,,1814,144,411,411,https://restcountries.eu/rest/v2/callingcode/372,2070,0,912
1627491153782,2105,HTTP Request for Calling code,200,OK,Users 1-108,text,true,,1812,144,410,410,https://restcountries.eu/rest/v2/callingcode/372,2092,0,924
1627491153746,2163,HTTP Request for Calling code,200,OK,Users 1-215,text,true,,1812,144,409,409,https://restcountries.eu/rest/v2/callingcode/372,2149,0,973
1627491153746,2163,HTTP Request for Calling code,200,,Users 1-235,text,true,,1814,144,409,409,https://restcountries.eu/rest/v2/callingcode/372,2163,0,972
1627491153799,2150,HTTP Request for Calling code,200,,Users 1-171,text,true,,1818,144,408,408,https://restcountries.eu/rest/v2/callingcode/372,2150,0,1352
1627491153818,2138,HTTP Request for Calling code,200,,Users 1-114,text,true,,1816,144,408,408,https://restcountries.eu/rest/v2/callingcode/372,2138,0,1377
1627491153814,2154,HTTP Request for Calling code,200,,Users 1-123,text,true,,1816,144,409,409,https://restcountries.eu/rest/v2/callingcode/372,2154,0,1359
1627491153820,2242,HTTP Request for Calling code,200,,Users 1-111,text,true,,1820,144,411,411,https://restcountries.eu/rest/v2/callingcode/372,2242,0,1376
1627491153793,2276,HTTP Request for Calling code,200,,Users 1-180,text,true,,1818,144,410,410,https://restcountries.eu/rest/v2/callingcode/372,2276,0,1362
1627491153809,2271,HTTP Request for Calling code,200,,Users 1-142,text,true,,1814,144,410,410,https://restcountries.eu/rest/v2/callingcode/372,2261,0,1364
1627491153696,2483,HTTP Request for Calling code,200,,Users 1-224,text,true,,1818,144,409,409,https://restcountries.eu/rest/v2/callingcode/372,2483,0,2012
1627491153823,2361,HTTP Request for Calling code,200,OK,Users 1-101,text,true,,1820,144,408,408,https://restcountries.eu/rest/v2/callingcode/372,2361,0,1418
1627491153822,2371,HTTP Request for Calling code,200,,Users 1-107,text,true,,1816,144,407,407,https://restcountries.eu/rest/v2/callingcode/372,2371,0,1434
1627491153824,2373,HTTP Request for Calling code,200,,Users 1-138,text,true,,1816,144,406,406,https://restcountries.eu/rest/v2/callingcode/372,2373,0,1432
1627491153705,2553,HTTP Request for Calling code,200,OK,Users 1-133,text,true,,1810,144,407,407,https://restcountries.eu/rest/v2/callingcode/372,2553,0,2029
1627491153818,2452,HTTP Request for Calling code,200,,Users 1-116,text,true,,1814,144,406,406,https://restcountries.eu/rest/v2/callingcode/372,2452,0,1230
1627491153810,2472,HTTP Request for Calling code,200,,Users 1-159,text,true,,1818,144,405,405,https://restcountries.eu/rest/v2/callingcode/372,2454,0,1476
1627491153000,3328,HTTP Request for Calling code,200,OK,Users 1-65,text,true,,1808,144,406,406,https://restcountries.eu/rest/v2/callingcode/372,3328,0,2040
1627491153827,2515,HTTP Request for Calling code,200,,Users 1-95,text,true,,1810,144,406,406,https://restcountries.eu/rest/v2/callingcode/372,2504,0,1204
1627491153806,2586,HTTP Request for Calling code,200,,Users 1-158,text,true,,1818,144,409,409,https://restcountries.eu/rest/v2/callingcode/372,2586,0,1265
1627491153826,2577,HTTP Request for Calling code,200,,Users 1-99,text,true,,1812,144,408,408,https://restcountries.eu/rest/v2/callingcode/372,2577,0,1223
1627491152864,3583,HTTP Request for Calling code,200,,Users 1-35,text,true,,1822,144,410,410,https://restcountries.eu/rest/v2/callingcode/372,3583,0,1017
1627491152819,3675,HTTP Request for Calling code,200,,Users 1-13,text,true,,1814,144,412,412,https://restcountries.eu/rest/v2/callingcode/372,3675,0,2092
1627491152848,3656,HTTP Request for Calling code,200,OK,Users 1-27,text,true,,1818,144,413,413,https://restcountries.eu/rest/v2/callingcode/372,3656,0,1018
1627491153783,2738,HTTP Request for Calling code,200,OK,Users 1-196,text,true,,1816,144,412,412,https://restcountries.eu/rest/v2/callingcode/372,2738,0,1376
1627491153696,2825,HTTP Request for Calling code,200,,Users 1-227,text,true,,1814,144,412,412,https://restcountries.eu/rest/v2/callingcode/372,2820,0,2157
1627491153781,2742,HTTP Request for Calling code,200,,Users 1-193,text,true,,1812,144,412,412,https://restcountries.eu/rest/v2/callingcode/372,2742,0,2106
1627491153793,2760,HTTP Request for Calling code,200,,Users 1-178,text,true,,1822,144,412,412,https://restcountries.eu/rest/v2/callingcode/372,2760,0,1047
1627491153737,2818,HTTP Request for Calling code,200,,Users 1-220,text,true,,1808,144,412,412,https://restcountries.eu/rest/v2/callingcode/372,2818,0,1858
1627491153808,2753,HTTP Request for Calling code,200,,Users 1-147,text,true,,1818,144,412,412,https://restcountries.eu/rest/v2/callingcode/372,2753,0,1032
1627491153826,2745,HTTP Request for Calling code,200,,Users 1-94,text,true,,1818,144,412,412,https://restcountries.eu/rest/v2/callingcode/372,2745,0,1250
1627491153801,2770,HTTP Request for Calling code,200,,Users 1-169,text,true,,1818,144,412,412,https://restcountries.eu/rest/v2/callingcode/372,2759,0,1268
1627491153754,2817,HTTP Request for Calling code,200,,Users 1-201,text,true,,1810,144,412,412,https://restcountries.eu/rest/v2/callingcode/372,2817,0,2155
1627491153706,2870,HTTP Request for Calling code,200,,Users 1-129,text,true,,1814,144,412,412,https://restcountries.eu/rest/v2/callingcode/372,2870,0,1858
1627491153713,2865,HTTP Request for Calling code,200,,Users 1-141,text,true,,1820,144,412,412,https://restcountries.eu/rest/v2/callingcode/372,2865,0,1870
1627491153711,2871,HTTP Request for Calling code,200,,Users 1-113,text,true,,1808,144,412,412,https://restcountries.eu/rest/v2/callingcode/372,2870,0,1864
1627491153789,2793,HTTP Request for Calling code,200,OK,Users 1-189,text,true,,1814,144,412,412,https://restcountries.eu/rest/v2/callingcode/372,2793,0,1287
1627491153707,2882,HTTP Request for Calling code,200,OK,Users 1-182,text,true,,1814,144,412,412,https://restcountries.eu/rest/v2/callingcode/372,2882,0,1843
1627491153700,2889,HTTP Request for Calling code,200,,Users 1-186,text,true,,1812,144,412,412,https://restcountries.eu/rest/v2/callingcode/372,2889,0,1851
1627491153717,2886,HTTP Request for Calling code,200,,Users 1-96,text,true,,1816,144,412,412,https://restcountries.eu/rest/v2/callingcode/372,2886,0,1835
1627491153820,2790,HTTP Request for Calling code,200,,Users 1-110,text,true,,1812,144,412,412,https://restcountries.eu/rest/v2/callingcode/372,2790,0,1211
1627491153803,2808,HTTP Request for Calling code,200,OK,Users 1-167,text,true,,1812,144,412,412,https://restcountries.eu/rest/v2/callingcode/372,2808,0,1318
1627491153694,2917,HTTP Request for Calling code,200,OK,Users 1-209,text,true,,1818,144,412,412,https://restcountries.eu/rest/v2/callingcode/372,2917,0,1862
1627491153815,2799,HTTP Request for Calling code,200,,Users 1-118,text,true,,1814,144,412,412,https://restcountries.eu/rest/v2/callingcode/372,2799,0,1186
1627491153808,2814,HTTP Request for Calling code,200,OK,Users 1-153,text,true,,1810,144,412,412,https://restcountries.eu/rest/v2/callingcode/372,2814,0,1298
1627491153830,2795,HTTP Request for Calling code,200,OK,Users 1-92,text,true,,1812,144,412,412,https://restcountries.eu/rest/v2/callingcode/372,2795,0,1277
1627491153826,2799,HTTP Request for Calling code,200,OK,Users 1-102,text,true,,1816,144,412,412,https://restcountries.eu/rest/v2/callingcode/372,2799,0,1190
1627491153828,2800,HTTP Request for Calling code,200,,Users 1-93,text,true,,1818,144,412,412,https://restcountries.eu/rest/v2/callingcode/372,2800,0,1248
1627491152998,3713,HTTP Request for Calling code,200,OK,Users 1-58,text,true,,1814,144,412,412,https://restcountries.eu/rest/v2/callingcode/372,3713,0,2419
1627491152886,3816,HTTP Request for Calling code,200,OK,Users 1-43,text,true,,1810,144,412,412,https://restcountries.eu/rest/v2/callingcode/372,3815,0,2473
1627491153807,2894,HTTP Request for Calling code,200,,Users 1-161,text,true,,1810,144,412,412,https://restcountries.eu/rest/v2/callingcode/372,2894,0,1531
1627491152928,3772,HTTP Request for Calling code,200,,Users 1-66,text,true,,1816,144,412,412,https://restcountries.eu/rest/v2/callingcode/372,3772,0,2447
1627491152931,3768,HTTP Request for Calling code,200,OK,Users 1-51,text,true,,1816,144,412,412,https://restcountries.eu/rest/v2/callingcode/372,3768,0,2483
1627491152885,3814,HTTP Request for Calling code,200,,Users 1-42,text,true,,1814,144,412,412,https://restcountries.eu/rest/v2/callingcode/372,3814,0,2521
1627491152921,3778,HTTP Request for Calling code,200,OK,Users 1-47,text,true,,1820,144,412,412,https://restcountries.eu/rest/v2/callingcode/372,3778,0,2493
1627491153749,2941,HTTP Request for Calling code,200,OK,Users 1-207,text,true,,1810,144,412,412,https://restcountries.eu/rest/v2/callingcode/372,2941,0,961
1627491153724,2965,HTTP Request for Calling code,200,,Users 1-64,text,true,,1820,144,412,412,https://restcountries.eu/rest/v2/callingcode/372,2965,0,994
1627491153751,2938,HTTP Request for Calling code,200,,Users 1-205,text,true,,1808,144,412,412,https://restcountries.eu/rest/v2/callingcode/372,2938,0,969
1627491153744,2945,HTTP Request for Calling code,200,,Users 1-237,text,true,,1818,144,412,412,https://restcountries.eu/rest/v2/callingcode/372,2945,0,990
1627491153814,2873,HTTP Request for Calling code,200,,Users 1-131,text,true,,1820,144,412,412,https://restcountries.eu/rest/v2/callingcode/372,2873,0,934
1627491153752,2926,HTTP Request for Calling code,200,,Users 1-202,text,true,,1820,144,412,412,https://restcountries.eu/rest/v2/callingcode/372,2926,0,988
1627491153740,2938,HTTP Request for Calling code,200,OK,Users 1-219,text,true,,1812,144,412,412,https://restcountries.eu/rest/v2/callingcode/372,2938,0,993
1627491153733,2944,HTTP Request for Calling code,200,OK,Users 1-61,text,true,,1816,144,412,412,https://restcountries.eu/rest/v2/callingcode/372,2944,0,1002
1627491152850,3827,HTTP Request for Calling code,200,,Users 1-29,text,true,,1822,144,412,412,https://restcountries.eu/rest/v2/callingcode/372,3827,0,1898
1627491153798,2879,HTTP Request for Calling code,200,,Users 1-172,text,true,,1816,144,412,412,https://restcountries.eu/rest/v2/callingcode/372,2879,0,935
1627491153734,2943,HTTP Request for Calling code,200,,Users 1-60,text,true,,1816,144,412,412,https://restcountries.eu/rest/v2/callingcode/372,2943,0,1005
1627491152947,3730,HTTP Request for Calling code,200,,Users 1-55,text,true,,1818,144,412,412,https://restcountries.eu/rest/v2/callingcode/372,3729,0,1788
1627491153807,2869,HTTP Request for Calling code,200,,Users 1-160,text,true,,1818,144,412,412,https://restcountries.eu/rest/v2/callingcode/372,2869,0,926
1627491152857,3819,HTTP Request for Calling code,200,,Users 1-32,text,true,,1812,144,412,412,https://restcountries.eu/rest/v2/callingcode/372,3819,0,1882
1627491153749,2927,HTTP Request for Calling code,200,,Users 1-208,text,true,,1810,144,412,412,https://restcountries.eu/rest/v2/callingcode/372,2927,0,985
1627491153720,2954,HTTP Request for Calling code,200,OK,Users 1-85,text,true,,1812,144,412,412,https://restcountries.eu/rest/v2/callingcode/372,2954,0,1024
1627491153752,2916,HTTP Request for Calling code,200,OK,Users 1-203,text,true,,1812,144,412,412,https://restcountries.eu/rest/v2/callingcode/372,2916,0,986
1627491153804,2864,HTTP Request for Calling code,200,,Users 1-174,text,true,,1820,144,412,412,https://restcountries.eu/rest/v2/callingcode/372,2864,0,961
1627491153717,2950,HTTP Request for Calling code,200,OK,Users 1-115,text,true,,1810,144,412,412,https://restcountries.eu/rest/v2/callingcode/372,2950,0,1017
1627491153730,2937,HTTP Request for Calling code,200,,Users 1-62,text,true,,1814,144,412,412,https://restcountries.eu/rest/v2/callingcode/372,2937,0,1005
1627491152974,3692,HTTP Request for Calling code,200,,Users 1-88,text,true,,1812,144,412,412,https://restcountries.eu/rest/v2/callingcode/372,3692,0,2491
1627491153804,2862,HTTP Request for Calling code,200,OK,Users 1-165,text,true,,1810,144,412,412,https://restcountries.eu/rest/v2/callingcode/372,2862,0,980
1627491153816,2849,HTTP Request for Calling code,200,,Users 1-112,text,true,,1810,144,412,412,https://restcountries.eu/rest/v2/callingcode/372,2849,0,995
1627491153825,2840,HTTP Request for Calling code,200,OK,Users 1-137,text,true,,1812,144,412,412,https://restcountries.eu/rest/v2/callingcode/372,2840,0,986
1627491153810,2855,HTTP Request for Calling code,200,,Users 1-126,text,true,,1816,144,412,412,https://restcountries.eu/rest/v2/callingcode/372,2855,0,1058
1627491153401,3253,HTTP Request for Calling code,200,,Users 1-299,text,true,,1814,144,412,412,https://restcountries.eu/rest/v2/callingcode/372,3253,0,1983
1627491153819,2815,HTTP Request for Calling code,200,OK,Users 1-119,text,true,,1812,144,412,412,https://restcountries.eu/rest/v2/callingcode/372,2815,0,1009
1627491153706,3039,HTTP Request for Calling code,200,,Users 1-162,text,true,,1812,144,413,413,https://restcountries.eu/rest/v2/callingcode/372,3039,0,2236
1627491152883,3876,HTTP Request for Calling code,200,,Users 1-45,text,true,,1812,144,393,393,https://restcountries.eu/rest/v2/callingcode/372,3876,0,2548
1627491153785,2987,HTTP Request for Calling code,200,OK,Users 1-188,text,true,,1812,144,392,392,https://restcountries.eu/rest/v2/callingcode/372,2987,0,1680
1627491154921,1990,HTTP Request for Calling code,200,OK,Users 1-79,text,true,,1810,144,358,358,https://restcountries.eu/rest/v2/callingcode/372,1990,0,1315
1627491153723,3244,HTTP Request for Calling code,200,OK,Users 1-70,text,true,,1814,144,357,357,https://restcountries.eu/rest/v2/callingcode/372,3244,0,1810
1627491153714,3254,HTTP Request for Calling code,200,OK,Users 1-98,text,true,,1810,144,357,357,https://restcountries.eu/rest/v2/callingcode/372,3254,0,1821
1627491153805,3169,HTTP Request for Calling code,200,,Users 1-154,text,true,,1816,144,355,355,https://restcountries.eu/rest/v2/callingcode/372,3169,0,2582
1627491153688,3306,HTTP Request for Calling code,200,,Users 1-218,text,true,,1814,144,354,354,https://restcountries.eu/rest/v2/callingcode/372,3306,0,1863
1627491153720,3274,HTTP Request for Calling code,200,OK,Users 1-75,text,true,,1818,144,354,354,https://restcountries.eu/rest/v2/callingcode/372,3274,0,1837
1627491153706,3294,HTTP Request for Calling code,200,OK,Users 1-127,text,true,,1814,144,352,352,https://restcountries.eu/rest/v2/callingcode/372,3294,0,1846
1627491153698,3317,HTTP Request for Calling code,200,OK,Users 1-187,text,true,,1816,144,351,351,https://restcountries.eu/rest/v2/callingcode/372,3317,0,1877
1627491155267,1760,HTTP Request for Calling code,200,,Users 1-318,text,true,,1810,144,350,350,https://restcountries.eu/rest/v2/callingcode/372,1760,0,1434
1627491155156,1878,HTTP Request for Calling code,200,OK,Users 1-232,text,true,,1816,144,349,349,https://restcountries.eu/rest/v2/callingcode/372,1878,0,1543
1627491155266,1768,HTTP Request for Calling code,200,,Users 1-319,text,true,,1822,144,349,349,https://restcountries.eu/rest/v2/callingcode/372,1768,0,1435
1627491155176,1871,HTTP Request for Calling code,200,,Users 1-447,text,true,,1812,144,347,347,https://restcountries.eu/rest/v2/callingcode/372,1871,0,1547
1627491153698,3364,HTTP Request for Calling code,200,,Users 1-197,text,true,,1816,144,346,346,https://restcountries.eu/rest/v2/callingcode/372,3364,0,1868
1627491153690,3381,HTTP Request for Calling code,200,OK,Users 1-250,text,true,,1814,144,345,345,https://restcountries.eu/rest/v2/callingcode/372,3381,0,1919
1627491153715,3371,HTTP Request for Calling code,200,,Users 1-140,text,true,,1810,144,344,344,https://restcountries.eu/rest/v2/callingcode/372,3370,0,1910
1627491155156,1955,HTTP Request for Calling code,200,,Users 1-234,text,true,,1812,144,343,343,https://restcountries.eu/rest/v2/callingcode/372,1955,0,1604
1627491153724,3417,HTTP Request for Calling code,200,OK,Users 1-67,text,true,,1830,144,342,342,https://restcountries.eu/rest/v2/callingcode/372,3417,0,1911
1627491153697,3458,HTTP Request for Calling code,200,OK,Users 1-190,text,true,,1820,144,341,341,https://restcountries.eu/rest/v2/callingcode/372,3458,0,1927
1627491155135,2074,HTTP Request for Calling code,200,,Users 1-223,text,true,,1812,144,340,340,https://restcountries.eu/rest/v2/callingcode/372,2074,0,1732
1627491155328,1893,HTTP Request for Calling code,200,OK,Users 1-401,text,true,,1820,144,339,339,https://restcountries.eu/rest/v2/callingcode/372,1893,0,1560
1627491155289,1936,HTTP Request for Calling code,200,,Users 1-291,text,true,,1814,144,338,338,https://restcountries.eu/rest/v2/callingcode/372,1935,0,1599
1627491155390,1851,HTTP Request for Calling code,200,,Users 1-424,text,true,,1822,144,337,337,https://restcountries.eu/rest/v2/callingcode/372,1851,0,1537
1627491155326,1932,HTTP Request for Calling code,200,,Users 1-395,text,true,,1816,144,336,336,https://restcountries.eu/rest/v2/callingcode/372,1932,0,1602
1627491155137,2138,HTTP Request for Calling code,200,,Users 1-340,text,true,,1810,144,335,335,https://restcountries.eu/rest/v2/callingcode/372,2129,0,1809
1627491155150,2125,HTTP Request for Calling code,200,,Users 1-333,text,true,,1820,144,334,334,https://restcountries.eu/rest/v2/callingcode/372,2125,0,1808
1627491153830,3456,HTTP Request for Calling code,200,,Users 1-81,text,true,,1824,144,333,333,https://restcountries.eu/rest/v2/callingcode/372,3456,0,3128
1627491153830,3457,HTTP Request for Calling code,200,,Users 1-84,text,true,,1816,144,332,332,https://restcountries.eu/rest/v2/callingcode/372,3457,0,3149
1627491155133,2154,HTTP Request for Calling code,200,,Users 1-352,text,true,,1814,144,332,332,https://restcountries.eu/rest/v2/callingcode/372,2154,0,1832
1627491153824,3464,HTTP Request for Calling code,200,,Users 1-106,text,true,,1824,144,330,330,https://restcountries.eu/rest/v2/callingcode/372,3464,0,3135
1627491153704,3592,HTTP Request for Calling code,200,OK,Users 1-164,text,true,,1818,144,329,329,https://restcountries.eu/rest/v2/callingcode/372,3592,0,1931
1627491155130,2178,HTTP Request for Calling code,200,,Users 1-228,text,true,,1812,144,328,328,https://restcountries.eu/rest/v2/callingcode/372,2178,0,1861
1627491153701,3610,HTTP Request for Calling code,200,,Users 1-168,text,true,,1818,144,327,327,https://restcountries.eu/rest/v2/callingcode/372,3610,0,1959
1627491153813,3506,HTTP Request for Calling code,200,,Users 1-121,text,true,,1814,144,326,326,https://restcountries.eu/rest/v2/callingcode/372,3499,0,3179
1627491155281,2039,HTTP Request for Calling code,200,OK,Users 1-441,text,true,,1822,144,325,325,https://restcountries.eu/rest/v2/callingcode/372,2039,0,1712
1627491155134,2187,HTTP Request for Calling code,200,,Users 1-386,text,true,,1810,144,324,324,https://restcountries.eu/rest/v2/callingcode/372,2187,0,1835
1627491155285,2037,HTTP Request for Calling code,200,,Users 1-346,text,true,,1808,144,323,323,https://restcountries.eu/rest/v2/callingcode/372,2027,0,1707
1627491155115,2230,HTTP Request for Calling code,200,,Users 1-225,text,true,,1808,144,322,322,https://restcountries.eu/rest/v2/callingcode/372,2230,0,1911
1627491155278,2068,HTTP Request for Calling code,200,,Users 1-283,text,true,,1808,144,322,322,https://restcountries.eu/rest/v2/callingcode/372,2045,0,1716
1627491153794,3551,HTTP Request for Calling code,200,,Users 1-179,text,true,,1816,144,322,322,https://restcountries.eu/rest/v2/callingcode/372,3551,0,3180
1627491155107,2256,HTTP Request for Calling code,200,,Users 1-435,text,true,,1814,144,319,319,https://restcountries.eu/rest/v2/callingcode/372,2256,0,1947
1627491155106,2281,HTTP Request for Calling code,200,,Users 1-351,text,true,,1814,144,318,318,https://restcountries.eu/rest/v2/callingcode/372,2281,0,1942
1627491155096,2291,HTTP Request for Calling code,200,,Users 1-385,text,true,,1818,144,318,318,https://restcountries.eu/rest/v2/callingcode/372,2291,0,1971
1627491153692,3707,HTTP Request for Calling code,200,,Users 1-211,text,true,,1820,144,316,316,https://restcountries.eu/rest/v2/callingcode/372,3695,0,1976
1627491153735,3664,HTTP Request for Calling code,200,OK,Users 1-59,text,true,,1824,144,316,316,https://restcountries.eu/rest/v2/callingcode/372,3664,0,1933
1627491155089,2323,HTTP Request for Calling code,200,,Users 1-389,text,true,,1812,144,314,314,https://restcountries.eu/rest/v2/callingcode/372,2323,0,2013
1627491155087,2338,HTTP Request for Calling code,200,,Users 1-251,text,true,,1814,144,313,313,https://restcountries.eu/rest/v2/callingcode/372,2338,0,2026
1627491153708,3739,HTTP Request for Calling code,200,OK,Users 1-132,text,true,,1818,144,312,312,https://restcountries.eu/rest/v2/callingcode/372,3739,0,1985
1627491155060,2418,HTTP Request for Calling code,200,,Users 1-377,text,true,,1814,144,311,311,https://restcountries.eu/rest/v2/callingcode/372,2418,0,2098
1627491153696,3798,HTTP Request for Calling code,200,,Users 1-206,text,true,,1810,144,310,310,https://restcountries.eu/rest/v2/callingcode/372,3798,0,2080
1627491153708,3789,HTTP Request for Calling code,200,,Users 1-155,text,true,,1810,144,309,309,https://restcountries.eu/rest/v2/callingcode/372,3788,0,2067
1627491153689,3813,HTTP Request for Calling code,200,,Users 1-238,text,true,,1808,144,308,308,https://restcountries.eu/rest/v2/callingcode/372,3808,0,2019
1627491153708,3794,HTTP Request for Calling code,200,,Users 1-122,text,true,,1816,144,308,308,https://restcountries.eu/rest/v2/callingcode/372,3794,0,2059
1627491153705,3798,HTTP Request for Calling code,200,,Users 1-151,text,true,,1812,144,306,306,https://restcountries.eu/rest/v2/callingcode/372,3798,0,2085
1627491153511,3992,HTTP Request for Calling code,200,OK,Users 1-311,text,true,,1818,144,306,306,https://restcountries.eu/rest/v2/callingcode/372,3992,0,2318
1627491155041,2465,HTTP Request for Calling code,200,,Users 1-361,text,true,,1820,144,304,304,https://restcountries.eu/rest/v2/callingcode/372,2465,0,2134
1627491153684,3824,HTTP Request for Calling code,200,,Users 1-221,text,true,,1814,144,303,303,https://restcountries.eu/rest/v2/callingcode/372,3824,0,2135
1627491153709,3804,HTTP Request for Calling code,200,,Users 1-136,text,true,,1816,144,302,302,https://restcountries.eu/rest/v2/callingcode/372,3804,0,2120
1627491153696,3819,HTTP Request for Calling code,200,,Users 1-198,text,true,,1822,144,301,301,https://restcountries.eu/rest/v2/callingcode/372,3819,0,2133
1627491153797,3720,HTTP Request for Calling code,200,OK,Users 1-175,text,true,,1814,144,300,300,https://restcountries.eu/rest/v2/callingcode/372,3719,0,1060
1627491153788,3735,HTTP Request for Calling code,200,,Users 1-184,text,true,,1812,144,299,299,https://restcountries.eu/rest/v2/callingcode/372,3735,0,2071
1627491153676,3857,HTTP Request for Calling code,200,,Users 1-222,text,true,,1808,144,298,298,https://restcountries.eu/rest/v2/callingcode/372,3857,0,2198
1627491153378,4158,HTTP Request for Calling code,200,OK,Users 1-74,text,true,,1816,144,297,297,https://restcountries.eu/rest/v2/callingcode/372,4158,0,1534
1627491153698,3839,HTTP Request for Calling code,200,,Users 1-229,text,true,,1810,144,296,296,https://restcountries.eu/rest/v2/callingcode/372,3838,0,2189
1627491155014,2528,HTTP Request for Calling code,200,OK,Users 1-382,text,true,,1810,144,295,295,https://restcountries.eu/rest/v2/callingcode/372,2528,0,2197
1627491153736,3815,HTTP Request for Calling code,200,,Users 1-255,text,true,,1816,144,294,294,https://restcountries.eu/rest/v2/callingcode/372,3815,0,2200
1627491153796,3813,HTTP Request for Calling code,200,,Users 1-177,text,true,,1816,144,293,293,https://restcountries.eu/rest/v2/callingcode/372,3812,0,1087
1627491153715,3901,HTTP Request for Calling code,200,,Users 1-100,text,true,,1818,144,292,292,https://restcountries.eu/rest/v2/callingcode/372,3901,0,1835
1627491153795,3831,HTTP Request for Calling code,200,OK,Users 1-176,text,true,,1816,144,291,291,https://restcountries.eu/rest/v2/callingcode/372,3831,0,1356
1627491152847,4817,HTTP Request for Calling code,200,,Users 1-26,text,true,,1810,144,290,290,https://restcountries.eu/rest/v2/callingcode/372,4817,0,2313
1627491153823,3847,HTTP Request for Calling code,200,OK,Users 1-105,text,true,,1816,144,289,289,https://restcountries.eu/rest/v2/callingcode/372,3847,0,2523
1627491153703,3971,HTTP Request for Calling code,200,OK,Users 1-181,text,true,,1814,144,288,288,https://restcountries.eu/rest/v2/callingcode/372,3971,0,2606
1627491153813,3861,HTTP Request for Calling code,200,,Users 1-157,text,true,,1810,144,288,288,https://restcountries.eu/rest/v2/callingcode/372,3861,0,2526
1627491153824,3853,HTTP Request for Calling code,200,OK,Users 1-103,text,true,,1820,144,286,286,https://restcountries.eu/rest/v2/callingcode/372,3853,0,2522
1627491153693,3997,HTTP Request for Calling code,200,,Users 1-210,text,true,,1816,144,285,285,https://restcountries.eu/rest/v2/callingcode/372,3997,0,2528
1627491153710,3987,HTTP Request for Calling code,200,,Users 1-150,text,true,,1816,144,284,284,https://restcountries.eu/rest/v2/callingcode/372,3987,0,2652
1627491153716,3987,HTTP Request for Calling code,200,OK,Users 1-146,text,true,,1814,144,283,283,https://restcountries.eu/rest/v2/callingcode/372,3987,0,2730
1627491153702,4004,HTTP Request for Calling code,200,,Users 1-152,text,true,,1814,144,282,282,https://restcountries.eu/rest/v2/callingcode/372,4004,0,2756
1627491153702,4008,HTTP Request for Calling code,200,OK,Users 1-134,text,true,,1820,144,281,281,https://restcountries.eu/rest/v2/callingcode/372,4008,0,2794
1627491155277,2436,HTTP Request for Calling code,200,,Users 1-285,text,true,,1812,144,280,280,https://restcountries.eu/rest/v2/callingcode/372,2436,0,1218
1627491155281,2432,HTTP Request for Calling code,200,,Users 1-77,text,true,,1814,144,280,280,https://restcountries.eu/rest/v2/callingcode/372,2432,0,1204
1627491153812,3932,HTTP Request for Calling code,200,OK,Users 1-135,text,true,,1816,144,278,278,https://restcountries.eu/rest/v2/callingcode/372,3932,0,2689
1627491152928,4816,HTTP Request for Calling code,200,,Users 1-49,text,true,,1812,144,278,278,https://restcountries.eu/rest/v2/callingcode/372,4816,0,3576
1627491153509,4239,HTTP Request for Calling code,200,,Users 1-305,text,true,,1822,144,276,276,https://restcountries.eu/rest/v2/callingcode/372,4239,0,2981
1627491153811,3940,HTTP Request for Calling code,200,,Users 1-124,text,true,,1820,144,275,275,https://restcountries.eu/rest/v2/callingcode/372,3940,0,2685
1627491152937,4819,HTTP Request for Calling code,200,,Users 1-53,text,true,,1816,144,274,274,https://restcountries.eu/rest/v2/callingcode/372,4819,0,3565
1627491155265,2491,HTTP Request for Calling code,200,OK,Users 1-303,text,true,,1822,144,274,274,https://restcountries.eu/rest/v2/callingcode/372,2491,0,1231
1627491152876,4900,HTTP Request for Calling code,200,OK,Users 1-41,text,true,,1814,144,272,272,https://restcountries.eu/rest/v2/callingcode/372,4900,0,3641
1627491153507,4269,HTTP Request for Calling code,200,OK,Users 1-302,text,true,,1814,144,272,272,https://restcountries.eu/rest/v2/callingcode/372,4269,0,2985
1627491152927,4849,HTTP Request for Calling code,200,,Users 1-48,text,true,,1818,144,272,272,https://restcountries.eu/rest/v2/callingcode/372,4849,0,3576
1627491155285,2526,HTTP Request for Calling code,200,,Users 1-349,text,true,,1814,144,269,269,https://restcountries.eu/rest/v2/callingcode/372,2526,0,2228
1627491155288,2526,HTTP Request for Calling code,200,,Users 1-350,text,true,,1816,144,268,268,https://restcountries.eu/rest/v2/callingcode/372,2526,0,2228
1627491153714,4111,HTTP Request for Calling code,200,OK,Users 1-97,text,true,,1812,144,267,267,https://restcountries.eu/rest/v2/callingcode/372,3902,0,1837
1627491155282,2546,HTTP Request for Calling code,200,,Users 1-464,text,true,,1810,144,266,266,https://restcountries.eu/rest/v2/callingcode/372,2545,0,2222
1627491155280,2556,HTTP Request for Calling code,200,,Users 1-390,text,true,,1812,144,265,265,https://restcountries.eu/rest/v2/callingcode/372,2556,0,2238
1627491155282,2555,HTTP Request for Calling code,200,,Users 1-445,text,true,,1814,144,264,264,https://restcountries.eu/rest/v2/callingcode/372,2555,0,2236
1627491155164,2674,HTTP Request for Calling code,200,OK,Users 1-322,text,true,,1820,144,264,264,https://restcountries.eu/rest/v2/callingcode/372,2674,0,1501
1627491153742,4097,HTTP Request for Calling code,200,OK,Users 1-253,text,true,,1824,144,262,262,https://restcountries.eu/rest/v2/callingcode/372,4097,0,2924
1627491155153,2692,HTTP Request for Calling code,200,,Users 1-347,text,true,,1816,144,261,261,https://restcountries.eu/rest/v2/callingcode/372,2691,0,1534
1627491155157,2694,HTTP Request for Calling code,200,,Users 1-323,text,true,,1810,144,260,260,https://restcountries.eu/rest/v2/callingcode/372,2693,0,1518
1627491155277,2586,HTTP Request for Calling code,200,OK,Users 1-264,text,true,,1820,144,259,259,https://restcountries.eu/rest/v2/callingcode/372,2586,0,1424
1627491155268,2598,HTTP Request for Calling code,200,,Users 1-301,text,true,,1810,144,258,258,https://restcountries.eu/rest/v2/callingcode/372,2598,0,1433
1627491155158,2717,HTTP Request for Calling code,200,,Users 1-453,text,true,,1814,144,257,257,https://restcountries.eu/rest/v2/callingcode/372,2717,0,1506
1627491155271,2619,HTTP Request for Calling code,200,OK,Users 1-249,text,true,,1824,144,256,256,https://restcountries.eu/rest/v2/callingcode/372,2619,0,2288
1627491155284,2625,HTTP Request for Calling code,200,,Users 1-458,text,true,,1816,144,255,255,https://restcountries.eu/rest/v2/callingcode/372,2625,0,2308
1627491155330,2596,HTTP Request for Calling code,200,OK,Users 1-406,text,true,,1814,144,254,254,https://restcountries.eu/rest/v2/callingcode/372,2596,0,1453
1627491155153,2779,HTTP Request for Calling code,200,OK,Users 1-312,text,true,,1814,144,253,253,https://restcountries.eu/rest/v2/callingcode/372,2779,0,1607
1627491153784,4166,HTTP Request for Calling code,200,,Users 1-192,text,true,,1814,144,252,252,https://restcountries.eu/rest/v2/callingcode/372,4166,0,2882
1627491155284,2667,HTTP Request for Calling code,200,OK,Users 1-461,text,true,,1814,144,251,251,https://restcountries.eu/rest/v2/callingcode/372,2667,0,2318
1627491153814,4138,HTTP Request for Calling code,200,,Users 1-120,text,true,,1810,144,250,250,https://restcountries.eu/rest/v2/callingcode/372,4138,0,2532
1627491153691,4269,HTTP Request for Calling code,200,,Users 1-246,text,true,,1824,144,249,249,https://restcountries.eu/rest/v2/callingcode/372,4269,0,2985
1627491155134,2825,HTTP Request for Calling code,200,,Users 1-338,text,true,,1814,144,249,249,https://restcountries.eu/rest/v2/callingcode/372,2825,0,1831
1627491153704,4254,HTTP Request for Calling code,200,OK,Users 1-166,text,true,,1816,144,249,249,https://restcountries.eu/rest/v2/callingcode/372,4249,0,2962
1627491155280,2693,HTTP Request for Calling code,200,,Users 1-226,text,true,,1814,144,246,246,https://restcountries.eu/rest/v2/callingcode/372,2680,0,2350
1627491155283,2675,HTTP Request for Calling code,200,,Users 1-450,text,true,,1818,144,249,249,https://restcountries.eu/rest/v2/callingcode/372,2675,0,2328
1627491153784,4221,HTTP Request for Calling code,200,,Users 1-191,text,true,,1820,144,244,244,https://restcountries.eu/rest/v2/callingcode/372,4221,0,2881
1627491154649,3365,HTTP Request for Calling code,200,,Users 1-82,text,true,,1816,144,243,243,https://restcountries.eu/rest/v2/callingcode/372,3365,0,2342
1627491155325,2777,HTTP Request for Calling code,200,OK,Users 1-396,text,true,,1820,144,242,242,https://restcountries.eu/rest/v2/callingcode/372,2777,0,1518
1627491152983,5121,HTTP Request for Calling code,200,,Users 1-89,text,true,,1810,144,241,241,https://restcountries.eu/rest/v2/callingcode/372,5121,0,3534
1627491155274,2831,HTTP Request for Calling code,200,,Users 1-288,text,true,,1810,144,240,240,https://restcountries.eu/rest/v2/callingcode/372,2831,0,1275
1627491155344,2762,HTTP Request for Calling code,200,OK,Users 1-408,text,true,,1814,144,239,239,https://restcountries.eu/rest/v2/callingcode/372,2762,0,1491
1627491155135,2971,HTTP Request for Calling code,200,,Users 1-374,text,true,,1810,144,238,238,https://restcountries.eu/rest/v2/callingcode/372,2971,0,1683
1627491155275,2832,HTTP Request for Calling code,200,,Users 1-265,text,true,,1808,144,237,237,https://restcountries.eu/rest/v2/callingcode/372,2832,0,1285
1627491155080,3053,HTTP Request for Calling code,200,,Users 1-366,text,true,,1808,144,236,236,https://restcountries.eu/rest/v2/callingcode/372,3048,0,2057
1627491153723,4411,HTTP Request for Calling code,200,OK,Users 1-69,text,true,,1830,144,235,235,https://restcountries.eu/rest/v2/callingcode/372,4200,0,1810
1627491155081,3055,HTTP Request for Calling code,200,OK,Users 1-327,text,true,,1824,144,234,234,https://restcountries.eu/rest/v2/callingcode/372,3055,0,2056
1627491155123,3020,HTTP Request for Calling code,200,,Users 1-262,text,true,,1814,144,233,233,https://restcountries.eu/rest/v2/callingcode/372,3020,0,2693
1627491155122,3057,HTTP Request for Calling code,200,,Users 1-391,text,true,,1808,144,232,232,https://restcountries.eu/rest/v2/callingcode/372,3057,0,2741
1627491155121,3061,HTTP Request for Calling code,200,,Users 1-384,text,true,,1812,144,231,231,https://restcountries.eu/rest/v2/callingcode/372,3061,0,2751
1627491155121,3070,HTTP Request for Calling code,200,,Users 1-431,text,true,,1814,144,230,230,https://restcountries.eu/rest/v2/callingcode/372,3070,0,2752
1627491155118,3105,HTTP Request for Calling code,200,OK,Users 1-261,text,true,,1814,144,229,229,https://restcountries.eu/rest/v2/callingcode/372,3105,0,2769
1627491155344,2910,HTTP Request for Calling code,200,OK,Users 1-398,text,true,,1820,144,228,228,https://restcountries.eu/rest/v2/callingcode/372,2910,0,1523
1627491155077,3197,HTTP Request for Calling code,200,,Users 1-324,text,true,,1812,144,227,227,https://restcountries.eu/rest/v2/callingcode/372,3197,0,2056
1627491155346,2929,HTTP Request for Calling code,200,,Users 1-409,text,true,,1812,144,226,226,https://restcountries.eu/rest/v2/callingcode/372,2929,0,1521
1627491155120,3180,HTTP Request for Calling code,200,,Users 1-434,text,true,,1806,144,225,225,https://restcountries.eu/rest/v2/callingcode/372,3180,0,2804
1627491155061,3265,HTTP Request for Calling code,200,OK,Users 1-243,text,true,,1816,144,224,224,https://restcountries.eu/rest/v2/callingcode/372,3265,0,2070
1627491155345,3004,HTTP Request for Calling code,200,OK,Users 1-411,text,true,,1818,144,223,223,https://restcountries.eu/rest/v2/callingcode/372,3004,0,1522
1627491155055,3318,HTTP Request for Calling code,200,,Users 1-304,text,true,,1818,144,222,222,https://restcountries.eu/rest/v2/callingcode/372,3318,0,2112
1627491155039,3360,HTTP Request for Calling code,200,OK,Users 1-365,text,true,,1818,144,221,221,https://restcountries.eu/rest/v2/callingcode/372,3360,0,2136
1627491155126,3274,HTTP Request for Calling code,200,,Users 1-381,text,true,,1822,144,220,220,https://restcountries.eu/rest/v2/callingcode/372,3274,0,2941
1627491153722,4679,HTTP Request for Calling code,200,OK,Users 1-71,text,true,,1818,144,219,219,https://restcountries.eu/rest/v2/callingcode/372,4450,0,1853
1627491155053,3355,HTTP Request for Calling code,200,OK,Users 1-362,text,true,,1814,144,218,218,https://restcountries.eu/rest/v2/callingcode/372,3355,0,2127
1627491153701,4708,HTTP Request for Calling code,200,,Users 1-148,text,true,,1816,144,217,217,https://restcountries.eu/rest/v2/callingcode/372,4471,0,1850
1627491153688,4727,HTTP Request for Calling code,200,,Users 1-257,text,true,,1814,144,216,216,https://restcountries.eu/rest/v2/callingcode/372,4498,0,1850
1627491153710,4733,HTTP Request for Calling code,200,OK,Users 1-149,text,true,,1822,144,215,215,https://restcountries.eu/rest/v2/callingcode/372,4541,0,1839
1627491154955,3491,HTTP Request for Calling code,200,OK,Users 1-328,text,true,,1812,144,214,214,https://restcountries.eu/rest/v2/callingcode/372,3491,0,3172
1627491155100,3350,HTTP Request for Calling code,200,,Users 1-293,text,true,,1824,144,213,213,https://restcountries.eu/rest/v2/callingcode/372,3350,0,3009
1627491154956,3495,HTTP Request for Calling code,200,,Users 1-310,text,true,,1816,144,212,212,https://restcountries.eu/rest/v2/callingcode/372,3495,0,3184
1627491155034,3419,HTTP Request for Calling code,200,OK,Users 1-354,text,true,,1810,144,211,211,https://restcountries.eu/rest/v2/callingcode/372,3418,0,2136
1627491155000,3454,HTTP Request for Calling code,200,OK,Users 1-290,text,true,,1818,144,210,210,https://restcountries.eu/rest/v2/callingcode/372,3454,0,2193
1627491155060,3405,HTTP Request for Calling code,200,OK,Users 1-335,text,true,,1826,144,209,209,https://restcountries.eu/rest/v2/callingcode/372,3405,0,2114
1627491154936,3531,HTTP Request for Calling code,200,,Users 1-277,text,true,,1814,144,208,208,https://restcountries.eu/rest/v2/callingcode/372,3531,0,3217
1627491155030,3437,HTTP Request for Calling code,200,,Users 1-331,text,true,,1818,144,208,208,https://restcountries.eu/rest/v2/callingcode/372,3437,0,2159
1627491155011,3458,HTTP Request for Calling code,200,,Users 1-329,text,true,,1814,144,206,206,https://restcountries.eu/rest/v2/callingcode/372,3458,0,2189
1627491155031,3456,HTTP Request for Calling code,200,,Users 1-358,text,true,,1812,144,205,205,https://restcountries.eu/rest/v2/callingcode/372,3456,0,2159
1627491153702,4785,HTTP Request for Calling code,200,,Users 1-173,text,true,,1814,144,205,205,https://restcountries.eu/rest/v2/callingcode/372,4599,0,1849
1627491153711,4806,HTTP Request for Calling code,200,,Users 1-145,text,true,,1812,144,203,203,https://restcountries.eu/rest/v2/callingcode/372,4660,0,1855
1627491154940,3583,HTTP Request for Calling code,200,,Users 1-379,text,true,,1818,144,202,202,https://restcountries.eu/rest/v2/callingcode/372,3583,0,3253
1627491155270,3284,HTTP Request for Calling code,200,OK,Users 1-309,text,true,,1810,144,201,201,https://restcountries.eu/rest/v2/callingcode/372,3283,0,1329
1627491155033,3522,HTTP Request for Calling code,200,OK,Users 1-368,text,true,,1818,144,200,200,https://restcountries.eu/rest/v2/callingcode/372,3522,0,2154
1627491153697,4866,HTTP Request for Calling code,200,,Users 1-231,text,true,,1826,144,199,199,https://restcountries.eu/rest/v2/callingcode/372,4687,0,1854
1627491153709,4898,HTTP Request for Calling code,200,,Users 1-117,text,true,,1814,144,198,198,https://restcountries.eu/rest/v2/callingcode/372,4692,0,1829
1627491155007,3606,HTTP Request for Calling code,200,OK,Users 1-297,text,true,,1814,144,197,197,https://restcountries.eu/rest/v2/callingcode/372,3606,0,2205
1627491155029,3597,HTTP Request for Calling code,200,,Users 1-359,text,true,,1808,144,196,196,https://restcountries.eu/rest/v2/callingcode/372,3597,0,2179
1627491153748,4914,HTTP Request for Calling code,200,,Users 1-212,text,true,,1808,144,195,195,https://restcountries.eu/rest/v2/callingcode/372,4683,0,2758
1627491155273,3408,HTTP Request for Calling code,200,,Users 1-247,text,true,,1812,144,194,194,https://restcountries.eu/rest/v2/callingcode/372,3193,0,1309
1627491155282,3410,HTTP Request for Calling code,200,,Users 1-463,text,true,,1820,144,193,193,https://restcountries.eu/rest/v2/callingcode/372,3184,0,1276
1627491153818,4926,HTTP Request for Calling code,200,OK,Users 1-109,text,true,,1812,144,192,192,https://restcountries.eu/rest/v2/callingcode/372,4708,0,1748
1627491156337,2412,HTTP Request for Calling code,200,,Users 1-486,text,true,,1810,144,191,191,https://restcountries.eu/rest/v2/callingcode/372,2412,0,2100
1627491152868,5891,HTTP Request for Calling code,200,,Users 1-34,text,true,,1810,144,190,190,https://restcountries.eu/rest/v2/callingcode/372,5659,0,3649
1627491156502,2267,HTTP Request for Calling code,200,OK,Users 1-473,text,true,,1810,144,189,189,https://restcountries.eu/rest/v2/callingcode/372,2267,0,1944
1627491156012,2757,HTTP Request for Calling code,200,,Users 1-493,text,true,,1810,144,189,189,https://restcountries.eu/rest/v2/callingcode/372,2757,0,2438
1627491155012,3788,HTTP Request for Calling code,200,,Users 1-278,text,true,,1812,144,187,187,https://restcountries.eu/rest/v2/callingcode/372,3788,0,2215
1627491155278,3524,HTTP Request for Calling code,200,,Users 1-300,text,true,,1810,144,186,186,https://restcountries.eu/rest/v2/callingcode/372,3524,0,1376
1627491153692,5117,HTTP Request for Calling code,200,,Users 1-213,text,true,,1816,144,185,185,https://restcountries.eu/rest/v2/callingcode/372,5117,0,2982
1627491156744,2081,HTTP Request for Calling code,200,,Users 1-470,text,true,,1812,144,184,184,https://restcountries.eu/rest/v2/callingcode/372,2081,0,1772
1627491153721,5107,HTTP Request for Calling code,200,OK,Users 1-72,text,true,,1810,144,183,183,https://restcountries.eu/rest/v2/callingcode/372,5107,0,2946
1627491156214,2628,HTTP Request for Calling code,200,,Users 1-491,text,true,,1812,144,182,182,https://restcountries.eu/rest/v2/callingcode/372,2628,0,2318
1627491153690,5152,HTTP Request for Calling code,200,,Users 1-214,text,true,,1816,144,182,182,https://restcountries.eu/rest/v2/callingcode/372,5152,0,2985
1627491153708,5136,HTTP Request for Calling code,200,,Users 1-128,text,true,,1814,144,180,180,https://restcountries.eu/rest/v2/callingcode/372,5136,0,2958
1627491153693,5155,HTTP Request for Calling code,200,,Users 1-233,text,true,,1810,144,179,179,https://restcountries.eu/rest/v2/callingcode/372,5155,0,2975
1627491155276,3594,HTTP Request for Calling code,200,,Users 1-286,text,true,,1810,144,178,178,https://restcountries.eu/rest/v2/callingcode/372,3594,0,3282
1627491156445,2433,HTTP Request for Calling code,200,OK,Users 1-479,text,true,,1816,144,177,177,https://restcountries.eu/rest/v2/callingcode/372,2433,0,2092
1627491156386,2505,HTTP Request for Calling code,200,,Users 1-480,text,true,,1818,144,176,176,https://restcountries.eu/rest/v2/callingcode/372,2505,0,2172
1627491155144,3748,HTTP Request for Calling code,200,,Users 1-332,text,true,,1812,144,175,175,https://restcountries.eu/rest/v2/callingcode/372,3748,0,1813
1627491156746,2153,HTTP Request for Calling code,200,,Users 1-388,text,true,,1808,144,174,174,https://restcountries.eu/rest/v2/callingcode/372,2152,0,1841
1627491155125,3778,HTTP Request for Calling code,200,,Users 1-432,text,true,,1814,144,173,173,https://restcountries.eu/rest/v2/callingcode/372,3778,0,2126
1627491155323,3584,HTTP Request for Calling code,200,OK,Users 1-399,text,true,,1824,144,172,172,https://restcountries.eu/rest/v2/callingcode/372,3584,0,1624
1627491153803,5104,HTTP Request for Calling code,200,OK,Users 1-163,text,true,,1820,144,172,172,https://restcountries.eu/rest/v2/callingcode/372,5104,0,2887
1627491155324,3628,HTTP Request for Calling code,200,,Users 1-397,text,true,,1806,144,170,170,https://restcountries.eu/rest/v2/callingcode/372,3628,0,3304
1627491155124,3829,HTTP Request for Calling code,200,,Users 1-383,text,true,,1814,144,169,169,https://restcountries.eu/rest/v2/callingcode/372,3829,0,2116
1627491155979,2984,HTTP Request for Calling code,200,,Users 1-495,text,true,,1814,144,168,168,https://restcountries.eu/rest/v2/callingcode/372,2984,0,2645
1627491153829,5140,HTTP Request for Calling code,200,,Users 1-83,text,true,,1814,144,167,167,https://restcountries.eu/rest/v2/callingcode/372,5139,0,3129
1627491155130,3846,HTTP Request for Calling code,200,OK,Users 1-380,text,true,,1816,144,166,166,https://restcountries.eu/rest/v2/callingcode/372,3846,0,1846
1627491154933,4052,HTTP Request for Calling code,200,,Users 1-245,text,true,,1814,144,165,165,https://restcountries.eu/rest/v2/callingcode/372,4052,0,2024
1627491155166,3819,HTTP Request for Calling code,200,OK,Users 1-442,text,true,,1810,144,165,165,https://restcountries.eu/rest/v2/callingcode/372,3613,0,1467
1627491155133,3847,HTTP Request for Calling code,200,,Users 1-337,text,true,,1820,144,165,165,https://restcountries.eu/rest/v2/callingcode/372,3847,0,1835
1627491153799,5180,HTTP Request for Calling code,200,OK,Users 1-170,text,true,,1814,144,165,165,https://restcountries.eu/rest/v2/callingcode/372,5180,0,2889
1627491155164,3830,HTTP Request for Calling code,200,,Users 1-451,text,true,,1814,144,161,161,https://restcountries.eu/rest/v2/callingcode/372,3627,0,1490
1627491156362,2636,HTTP Request for Calling code,200,,Users 1-482,text,true,,1822,144,160,160,https://restcountries.eu/rest/v2/callingcode/372,2636,0,2285
1627491155165,3861,HTTP Request for Calling code,200,,Users 1-443,text,true,,1816,144,159,159,https://restcountries.eu/rest/v2/callingcode/372,3652,0,1478
1627491155158,3873,HTTP Request for Calling code,200,,Users 1-452,text,true,,1814,144,158,158,https://restcountries.eu/rest/v2/callingcode/372,3873,0,1518
1627491155139,3900,HTTP Request for Calling code,200,,Users 1-355,text,true,,1818,144,157,157,https://restcountries.eu/rest/v2/callingcode/372,3900,0,1837
1627491155134,3907,HTTP Request for Calling code,200,,Users 1-363,text,true,,1808,144,156,156,https://restcountries.eu/rest/v2/callingcode/372,3907,0,1842
1627491155268,3781,HTTP Request for Calling code,200,,Users 1-274,text,true,,1812,144,155,155,https://restcountries.eu/rest/v2/callingcode/372,3780,0,1433
1627491155159,3891,HTTP Request for Calling code,200,,Users 1-342,text,true,,1810,144,154,154,https://restcountries.eu/rest/v2/callingcode/372,3891,0,1529
1627491155130,3929,HTTP Request for Calling code,200,OK,Users 1-200,text,true,,1816,144,153,153,https://restcountries.eu/rest/v2/callingcode/372,3929,0,1862
1627491155124,3948,HTTP Request for Calling code,200,,Users 1-298,text,true,,1814,144,152,152,https://restcountries.eu/rest/v2/callingcode/372,3948,0,1868
1627491155163,3954,HTTP Request for Calling code,200,,Users 1-321,text,true,,1814,144,151,151,https://restcountries.eu/rest/v2/callingcode/372,3738,0,1512
1627491155162,3984,HTTP Request for Calling code,200,OK,Users 1-314,text,true,,1812,144,150,150,https://restcountries.eu/rest/v2/callingcode/372,3984,0,1549
1627491155268,3878,HTTP Request for Calling code,200,,Users 1-317,text,true,,1816,144,150,150,https://restcountries.eu/rest/v2/callingcode/372,3878,0,1433
1627491152869,6286,HTTP Request for Calling code,200,,Users 1-37,text,true,,1810,144,148,148,https://restcountries.eu/rest/v2/callingcode/372,6286,0,3831
1627491156753,2407,HTTP Request for Calling code,200,OK,Users 1-489,text,true,,1824,144,147,147,https://restcountries.eu/rest/v2/callingcode/372,2407,0,2096
1627491155117,4048,HTTP Request for Calling code,200,OK,Users 1-281,text,true,,1810,144,146,146,https://restcountries.eu/rest/v2/callingcode/372,4048,0,1898
1627491155281,3888,HTTP Request for Calling code,200,,Users 1-387,text,true,,1806,144,145,145,https://restcountries.eu/rest/v2/callingcode/372,3888,0,1421
1627491156755,2438,HTTP Request for Calling code,200,,Users 1-485,text,true,,1814,144,144,144,https://restcountries.eu/rest/v2/callingcode/372,2438,0,2117
1627491155957,3296,HTTP Request for Calling code,200,,Users 1-498,text,true,,1812,144,143,143,https://restcountries.eu/rest/v2/callingcode/372,3296,0,2985
1627491156446,2821,HTTP Request for Calling code,200,OK,Users 1-477,text,true,,1814,144,142,142,https://restcountries.eu/rest/v2/callingcode/372,2821,0,2494
1627491155284,4067,HTTP Request for Calling code,200,OK,Users 1-448,text,true,,1820,144,141,141,https://restcountries.eu/rest/v2/callingcode/372,4067,0,1417
1627491155284,4067,HTTP Request for Calling code,200,,Users 1-456,text,true,,1812,144,141,141,https://restcountries.eu/rest/v2/callingcode/372,4067,0,1709
1627491154932,4580,HTTP Request for Calling code,200,,Users 1-256,text,true,,1816,144,139,139,https://restcountries.eu/rest/v2/callingcode/372,4579,0,3220
1627491155283,4280,HTTP Request for Calling code,200,OK,Users 1-465,text,true,,1812,144,138,138,https://restcountries.eu/rest/v2/callingcode/372,4280,0,2206
1627491156785,2843,HTTP Request for Calling code,200,OK,Users 1-500,text,true,,1810,144,137,137,https://restcountries.eu/rest/v2/callingcode/372,2843,0,702
1627491155285,4365,HTTP Request for Calling code,200,,Users 1-236,text,true,,1814,144,136,136,https://restcountries.eu/rest/v2/callingcode/372,4365,0,2219
1627491155411,4245,HTTP Request for Calling code,200,OK,Users 1-421,text,true,,1812,144,135,135,https://restcountries.eu/rest/v2/callingcode/372,4244,0,3916
1627491155273,4388,HTTP Request for Calling code,200,OK,Users 1-284,text,true,,1816,144,134,134,https://restcountries.eu/rest/v2/callingcode/372,4388,0,2232
1627491155269,4401,HTTP Request for Calling code,200,OK,Users 1-295,text,true,,1814,144,133,133,https://restcountries.eu/rest/v2/callingcode/372,4400,0,2224
1627491155958,3720,HTTP Request for Calling code,200,OK,Users 1-497,text,true,,1816,144,132,132,https://restcountries.eu/rest/v2/callingcode/372,3719,0,1520
1627491155289,4416,HTTP Request for Calling code,200,OK,Users 1-334,text,true,,1818,144,131,131,https://restcountries.eu/rest/v2/callingcode/372,4416,0,2227
1627491155280,4427,HTTP Request for Calling code,200,,Users 1-425,text,true,,1812,144,130,130,https://restcountries.eu/rest/v2/callingcode/372,4427,0,2222
1627491155283,4466,HTTP Request for Calling code,200,,Users 1-457,text,true,,1816,144,129,129,https://restcountries.eu/rest/v2/callingcode/372,4466,0,2240
1627491155283,4466,HTTP Request for Calling code,200,,Users 1-459,text,true,,1812,144,129,129,https://restcountries.eu/rest/v2/callingcode/372,4466,0,2232
1627491155940,3816,HTTP Request for Calling code,200,,Users 1-499,text,true,,1818,144,127,127,https://restcountries.eu/rest/v2/callingcode/372,3816,0,1569
1627491155269,4538,HTTP Request for Calling code,200,,Users 1-272,text,true,,1818,144,126,126,https://restcountries.eu/rest/v2/callingcode/372,4538,0,2265
1627491155079,4728,HTTP Request for Calling code,200,,Users 1-356,text,true,,1816,144,126,126,https://restcountries.eu/rest/v2/callingcode/372,4728,0,4388
1627491155280,4528,HTTP Request for Calling code,200,,Users 1-282,text,true,,1812,144,126,126,https://restcountries.eu/rest/v2/callingcode/372,4528,0,2257
1627491155127,4690,HTTP Request for Calling code,200,,Users 1-360,text,true,,1814,144,123,123,https://restcountries.eu/rest/v2/callingcode/372,4690,0,1864
1627491155279,4547,HTTP Request for Calling code,200,OK,Users 1-248,text,true,,1816,144,122,122,https://restcountries.eu/rest/v2/callingcode/372,4547,0,2273
1627491155281,4600,HTTP Request for Calling code,200,,Users 1-454,text,true,,1808,144,121,121,https://restcountries.eu/rest/v2/callingcode/372,4600,0,1712
1627491155283,4602,HTTP Request for Calling code,200,,Users 1-439,text,true,,1810,144,120,120,https://restcountries.eu/rest/v2/callingcode/372,4602,0,2276
1627491155285,4616,HTTP Request for Calling code,200,,Users 1-369,text,true,,1818,144,119,119,https://restcountries.eu/rest/v2/callingcode/372,4616,0,2277
1627491155285,4657,HTTP Request for Calling code,200,,Users 1-367,text,true,,1814,144,118,118,https://restcountries.eu/rest/v2/callingcode/372,4657,0,2289
1627491155134,4811,HTTP Request for Calling code,200,,Users 1-339,text,true,,1810,144,117,117,https://restcountries.eu/rest/v2/callingcode/372,4811,0,1840
1627491155289,4674,HTTP Request for Calling code,200,,Users 1-436,text,true,,1812,144,116,116,https://restcountries.eu/rest/v2/callingcode/372,4673,0,2289
1627491155284,4734,HTTP Request for Calling code,200,OK,Users 1-444,text,true,,1814,144,115,115,https://restcountries.eu/rest/v2/callingcode/372,4734,0,2314
1627491155283,4744,HTTP Request for Calling code,200,,Users 1-446,text,true,,1818,144,114,114,https://restcountries.eu/rest/v2/callingcode/372,4744,0,2293
1627491155284,4756,HTTP Request for Calling code,200,,Users 1-449,text,true,,1808,144,113,113,https://restcountries.eu/rest/v2/callingcode/372,4756,0,2305
1627491155286,4756,HTTP Request for Calling code,200,OK,Users 1-240,text,true,,1820,144,112,112,https://restcountries.eu/rest/v2/callingcode/372,4756,0,2292
1627491155284,4833,HTTP Request for Calling code,200,OK,Users 1-345,text,true,,1822,144,111,111,https://restcountries.eu/rest/v2/callingcode/372,4833,0,2318
1627491155284,4846,HTTP Request for Calling code,200,,Users 1-466,text,true,,1812,144,110,110,https://restcountries.eu/rest/v2/callingcode/372,4846,0,2335
1627491155279,4852,HTTP Request for Calling code,200,OK,Users 1-280,text,true,,1818,144,110,110,https://restcountries.eu/rest/v2/callingcode/372,4852,0,2317
1627491155270,4904,HTTP Request for Calling code,200,,Users 1-294,text,true,,1812,144,108,108,https://restcountries.eu/rest/v2/callingcode/372,4904,0,1351
1627491155330,4980,HTTP Request for Calling code,200,OK,Users 1-405,text,true,,1822,144,107,107,https://restcountries.eu/rest/v2/callingcode/372,4980,0,1489
1627491155156,5158,HTTP Request for Calling code,200,,Users 1-440,text,true,,1814,144,106,106,https://restcountries.eu/rest/v2/callingcode/372,5157,0,1591
1627491152898,7416,HTTP Request for Calling code,200,OK,Users 1-50,text,true,,1816,144,105,105,https://restcountries.eu/rest/v2/callingcode/372,7416,0,3608
1627491155176,5141,HTTP Request for Calling code,200,OK,Users 1-326,text,true,,1814,144,104,104,https://restcountries.eu/rest/v2/callingcode/372,5140,0,1559
1627491155125,5266,HTTP Request for Calling code,200,,Users 1-244,text,true,,1822,144,103,103,https://restcountries.eu/rest/v2/callingcode/372,5266,0,2720
1627491155285,5124,HTTP Request for Calling code,200,OK,Users 1-462,text,true,,1812,144,102,102,https://restcountries.eu/rest/v2/callingcode/372,5124,0,2326
1627491155289,5215,HTTP Request for Calling code,200,,Users 1-420,text,true,,1820,144,101,101,https://restcountries.eu/rest/v2/callingcode/372,5215,0,1566
1627491155434,5071,HTTP Request for Calling code,200,OK,Users 1-468,text,true,,1816,144,100,100,https://restcountries.eu/rest/v2/callingcode/372,5071,0,1501
1627491155285,5283,HTTP Request for Calling code,200,OK,Users 1-460,text,true,,1826,144,99,99,https://restcountries.eu/rest/v2/callingcode/372,5283,0,2428
1627491155145,5447,HTTP Request for Calling code,200,,Users 1-371,text,true,,1822,144,98,98,https://restcountries.eu/rest/v2/callingcode/372,5447,0,1651
1627491155128,5477,HTTP Request for Calling code,200,,Users 1-348,text,true,,1808,144,97,97,https://restcountries.eu/rest/v2/callingcode/372,5476,0,2704
1627491155123,5484,HTTP Request for Calling code,200,OK,Users 1-263,text,true,,1818,144,96,96,https://restcountries.eu/rest/v2/callingcode/372,5484,0,2685
1627491155327,5281,HTTP Request for Calling code,200,,Users 1-400,text,true,,1814,144,96,96,https://restcountries.eu/rest/v2/callingcode/372,5281,0,1610
1627491155133,5477,HTTP Request for Calling code,200,,Users 1-378,text,true,,1820,144,94,94,https://restcountries.eu/rest/v2/callingcode/372,5477,0,1836
1627491155356,5259,HTTP Request for Calling code,200,,Users 1-415,text,true,,1812,144,93,93,https://restcountries.eu/rest/v2/callingcode/372,5259,0,1579
1627491155409,5210,HTTP Request for Calling code,200,OK,Users 1-423,text,true,,1820,144,92,92,https://restcountries.eu/rest/v2/callingcode/372,5210,0,1518
1627491155329,5291,HTTP Request for Calling code,200,,Users 1-404,text,true,,1812,144,92,92,https://restcountries.eu/rest/v2/callingcode/372,5290,0,1607
1627491155148,5472,HTTP Request for Calling code,200,,Users 1-343,text,true,,1812,144,91,91,https://restcountries.eu/rest/v2/callingcode/372,5472,0,1669
1627491155410,5221,HTTP Request for Calling code,200,,Users 1-429,text,true,,1816,144,89,89,https://restcountries.eu/rest/v2/callingcode/372,5221,0,1547
1627491155958,4688,HTTP Request for Calling code,200,,Users 1-496,text,true,,1822,144,88,88,https://restcountries.eu/rest/v2/callingcode/372,4688,0,2640
1627491156002,4653,HTTP Request for Calling code,200,,Users 1-494,text,true,,1814,144,87,87,https://restcountries.eu/rest/v2/callingcode/372,4653,0,2595
1627491155144,5523,HTTP Request for Calling code,200,OK,Users 1-341,text,true,,1820,144,86,86,https://restcountries.eu/rest/v2/callingcode/372,5523,0,1662
1627491155100,5577,HTTP Request for Calling code,200,OK,Users 1-373,text,true,,1824,144,85,85,https://restcountries.eu/rest/v2/callingcode/372,5577,0,2937
1627491156385,4292,HTTP Request for Calling code,200,OK,Users 1-481,text,true,,1824,144,85,85,https://restcountries.eu/rest/v2/callingcode/372,4292,0,2225
1627491155121,5580,HTTP Request for Calling code,200,,Users 1-260,text,true,,1812,144,83,83,https://restcountries.eu/rest/v2/callingcode/372,5580,0,2946
1627491155290,5424,HTTP Request for Calling code,200,,Users 1-394,text,true,,1812,144,82,82,https://restcountries.eu/rest/v2/callingcode/372,5424,0,2346
1627491155276,5440,HTTP Request for Calling code,200,,Users 1-275,text,true,,1820,144,81,81,https://restcountries.eu/rest/v2/callingcode/372,5440,0,1331
1627491156362,4379,HTTP Request for Calling code,200,,Users 1-483,text,true,,1812,144,80,80,https://restcountries.eu/rest/v2/callingcode/372,4379,0,2135
1627491156493,4250,HTTP Request for Calling code,200,,Users 1-474,text,true,,1816,144,79,79,https://restcountries.eu/rest/v2/callingcode/372,4250,0,2004
1627491155118,5647,HTTP Request for Calling code,200,,Users 1-438,text,true,,1812,144,78,78,https://restcountries.eu/rest/v2/callingcode/372,5647,0,2751
1627491155124,5682,HTTP Request for Calling code,200,,Users 1-437,text,true,,1814,144,77,77,https://restcountries.eu/rest/v2/callingcode/372,5682,0,2765
1627491153820,7003,HTTP Request for Calling code,200,,Users 1-144,text,true,,1818,144,76,76,https://restcountries.eu/rest/v2/callingcode/372,7003,0,2869
1627491155353,5523,HTTP Request for Calling code,200,OK,Users 1-414,text,true,,1822,144,75,75,https://restcountries.eu/rest/v2/callingcode/372,5522,0,2445
1627491155089,5857,HTTP Request for Calling code,200,,Users 1-258,text,true,,1810,144,74,74,https://restcountries.eu/rest/v2/callingcode/372,5857,0,1952
1627491155125,5898,HTTP Request for Calling code,200,,Users 1-433,text,true,,1820,144,73,73,https://restcountries.eu/rest/v2/callingcode/372,5898,0,2682
1627491155330,5704,HTTP Request for Calling code,200,,Users 1-402,text,true,,1812,144,72,72,https://restcountries.eu/rest/v2/callingcode/372,5704,0,3492
1627491156221,4835,HTTP Request for Calling code,200,,Users 1-490,text,true,,1814,144,71,71,https://restcountries.eu/rest/v2/callingcode/372,4835,0,2244
1627491155283,6058,HTTP Request for Calling code,200,OK,Users 1-392,text,true,,1820,144,70,70,https://restcountries.eu/rest/v2/callingcode/372,6058,0,2320
1627491155288,6130,HTTP Request for Calling code,200,,Users 1-393,text,true,,1812,144,69,69,https://restcountries.eu/rest/v2/callingcode/372,6130,0,1579
1627491155275,6160,HTTP Request for Calling code,200,,Users 1-287,text,true,,1814,144,68,68,https://restcountries.eu/rest/v2/callingcode/372,6160,0,1347
1627491153717,7728,HTTP Request for Calling code,200,,Users 1-91,text,true,,1810,144,67,67,https://restcountries.eu/rest/v2/callingcode/372,7728,0,3219
1627491154935,6552,HTTP Request for Calling code,200,OK,Users 1-296,text,true,,1818,144,66,66,https://restcountries.eu/rest/v2/callingcode/372,6551,0,2021
1627491153704,7785,HTTP Request for Calling code,200,,Users 1-130,text,true,,1810,144,65,65,https://restcountries.eu/rest/v2/callingcode/372,7785,0,3207
1627491155385,6257,HTTP Request for Calling code,200,,Users 1-418,text,true,,1828,144,64,64,https://restcountries.eu/rest/v2/callingcode/372,6257,0,1542
1627491154970,6763,HTTP Request for Calling code,200,,Users 1-325,text,true,,1812,144,63,63,https://restcountries.eu/rest/v2/callingcode/372,6762,0,3158
1627491155405,6353,HTTP Request for Calling code,200,,Users 1-426,text,true,,1822,144,62,62,https://restcountries.eu/rest/v2/callingcode/372,6352,0,1532
1627491153825,7938,HTTP Request for Calling code,200,,Users 1-104,text,true,,1810,144,61,61,https://restcountries.eu/rest/v2/callingcode/372,7938,0,3142
1627491155408,6413,HTTP Request for Calling code,200,,Users 1-430,text,true,,1812,144,60,60,https://restcountries.eu/rest/v2/callingcode/372,6413,0,1505
1627491153742,8101,HTTP Request for Calling code,200,OK,Users 1-217,text,true,,1812,144,59,59,https://restcountries.eu/rest/v2/callingcode/372,8101,0,3213
1627491155432,6442,HTTP Request for Calling code,200,,Users 1-467,text,true,,1816,144,58,58,https://restcountries.eu/rest/v2/callingcode/372,6442,0,1491
1627491155138,6758,HTTP Request for Calling code,200,OK,Users 1-336,text,true,,1812,144,57,57,https://restcountries.eu/rest/v2/callingcode/372,6758,0,1820
1627491153821,8075,HTTP Request for Calling code,200,OK,Users 1-143,text,true,,1814,144,57,57,https://restcountries.eu/rest/v2/callingcode/372,8075,0,3115
1627491155140,6795,HTTP Request for Calling code,200,,Users 1-372,text,true,,1814,144,55,55,https://restcountries.eu/rest/v2/callingcode/372,6795,0,1828
1627491155357,6588,HTTP Request for Calling code,200,,Users 1-416,text,true,,1812,144,54,54,https://restcountries.eu/rest/v2/callingcode/372,6588,0,1579
1627491155330,6645,HTTP Request for Calling code,200,OK,Users 1-403,text,true,,1818,144,53,53,https://restcountries.eu/rest/v2/callingcode/372,6645,0,1583
1627491155279,6699,HTTP Request for Calling code,200,,Users 1-320,text,true,,1810,144,52,52,https://restcountries.eu/rest/v2/callingcode/372,6699,0,1342
1627491155288,6692,HTTP Request for Calling code,200,,Users 1-370,text,true,,1808,144,51,51,https://restcountries.eu/rest/v2/callingcode/372,6692,0,3440
1627491155347,6638,HTTP Request for Calling code,200,,Users 1-410,text,true,,1818,144,50,50,https://restcountries.eu/rest/v2/callingcode/372,6638,0,1589
1627491153829,8221,HTTP Request for Calling code,200,,Users 1-90,text,true,,1810,144,49,49,https://restcountries.eu/rest/v2/callingcode/372,8221,0,3106
1627491154955,7113,HTTP Request for Calling code,200,OK,Users 1-376,text,true,,1818,144,48,48,https://restcountries.eu/rest/v2/callingcode/372,7113,0,2003
1627491155410,6662,HTTP Request for Calling code,200,,Users 1-428,text,true,,1818,144,47,47,https://restcountries.eu/rest/v2/callingcode/372,6662,0,1536
1627491155119,6957,HTTP Request for Calling code,200,,Users 1-268,text,true,,1820,144,46,46,https://restcountries.eu/rest/v2/callingcode/372,6957,0,4182
1627491155358,6725,HTTP Request for Calling code,200,,Users 1-417,text,true,,1812,144,45,45,https://restcountries.eu/rest/v2/callingcode/372,6725,0,1578
1627491155088,7040,HTTP Request for Calling code,200,,Users 1-292,text,true,,1812,144,44,44,https://restcountries.eu/rest/v2/callingcode/372,7040,0,4251
1627491155107,7117,HTTP Request for Calling code,200,OK,Users 1-252,text,true,,1824,144,43,43,https://restcountries.eu/rest/v2/callingcode/372,7117,0,4079
1627491154922,7341,HTTP Request for Calling code,200,OK,Users 1-86,text,true,,1812,144,42,42,https://restcountries.eu/rest/v2/callingcode/372,7341,0,3228
1627491154927,7361,HTTP Request for Calling code,200,OK,Users 1-78,text,true,,1814,144,41,41,https://restcountries.eu/rest/v2/callingcode/372,7361,0,3246
1627491156503,5987,HTTP Request for Calling code,200,,Users 1-472,text,true,,1814,144,40,40,https://restcountries.eu/rest/v2/callingcode/372,5987,0,1914
1627491155095,7453,HTTP Request for Calling code,200,OK,Users 1-273,text,true,,1822,144,39,39,https://restcountries.eu/rest/v2/callingcode/372,7453,0,4264
1627491155284,7300,HTTP Request for Calling code,200,,Users 1-364,text,true,,1822,144,38,38,https://restcountries.eu/rest/v2/callingcode/372,7299,0,2386
1627491155127,7528,HTTP Request for Calling code,200,OK,Users 1-422,text,true,,1818,144,37,37,https://restcountries.eu/rest/v2/callingcode/372,7528,0,2825
1627491154969,7763,HTTP Request for Calling code,200,,Users 1-357,text,true,,1812,144,36,36,https://restcountries.eu/rest/v2/callingcode/372,7762,0,3139
1627491156433,6366,HTTP Request for Calling code,200,OK,Users 1-478,text,true,,1818,144,35,35,https://restcountries.eu/rest/v2/callingcode/372,6366,0,2064
1627491156346,6481,HTTP Request for Calling code,200,OK,Users 1-484,text,true,,1814,144,34,34,https://restcountries.eu/rest/v2/callingcode/372,6481,0,2220
1627491156489,6455,HTTP Request for Calling code,200,OK,Users 1-476,text,true,,1816,144,33,33,https://restcountries.eu/rest/v2/callingcode/372,6455,0,1922
1627491156490,6543,HTTP Request for Calling code,200,,Users 1-475,text,true,,1810,144,32,32,https://restcountries.eu/rest/v2/callingcode/372,6543,0,2066
1627491155274,7838,HTTP Request for Calling code,200,,Users 1-306,text,true,,1808,144,31,31,https://restcountries.eu/rest/v2/callingcode/372,7838,0,1325
1627491156071,7041,HTTP Request for Calling code,200,OK,Users 1-492,text,true,,1816,144,31,31,https://restcountries.eu/rest/v2/callingcode/372,7041,0,2416
1627491156337,6813,HTTP Request for Calling code,200,,Users 1-487,text,true,,1812,144,29,29,https://restcountries.eu/rest/v2/callingcode/372,6813,0,2229
1627491155330,8107,HTTP Request for Calling code,200,OK,Users 1-407,text,true,,1818,144,28,28,https://restcountries.eu/rest/v2/callingcode/372,8107,0,1498
1627491155108,8873,HTTP Request for Calling code,200,,Users 1-279,text,true,,1812,144,27,27,https://restcountries.eu/rest/v2/callingcode/372,8873,0,1933
1627491154941,9403,HTTP Request for Calling code,200,,Users 1-254,text,true,,1814,144,26,26,https://restcountries.eu/rest/v2/callingcode/372,9403,0,4824
1627491156745,8064,HTTP Request for Calling code,200,OK,Users 1-471,text,true,,1816,144,25,25,https://restcountries.eu/rest/v2/callingcode/372,8064,0,1851
1627491155163,10096,HTTP Request for Calling code,200,,Users 1-455,text,true,,1816,144,24,24,https://restcountries.eu/rest/v2/callingcode/372,10095,0,1481
1627491153686,11590,HTTP Request for Calling code,200,,Users 1-259,text,true,,1810,144,23,23,https://restcountries.eu/rest/v2/callingcode/372,11589,0,2947
1627491155159,10277,HTTP Request for Calling code,200,,Users 1-344,text,true,,1806,144,22,22,https://restcountries.eu/rest/v2/callingcode/372,10277,0,1588
1627491155154,10286,HTTP Request for Calling code,200,,Users 1-330,text,true,,1812,144,21,21,https://restcountries.eu/rest/v2/callingcode/372,10286,0,1581
1627491155156,10314,HTTP Request for Calling code,200,,Users 1-230,text,true,,1814,144,20,20,https://restcountries.eu/rest/v2/callingcode/372,10314,0,1616
1627491155152,10319,HTTP Request for Calling code,200,,Users 1-316,text,true,,1812,144,20,20,https://restcountries.eu/rest/v2/callingcode/372,10319,0,1595
1627491155150,10330,HTTP Request for Calling code,200,,Users 1-353,text,true,,1820,144,18,18,https://restcountries.eu/rest/v2/callingcode/372,10330,0,1657
1627491155145,10360,HTTP Request for Calling code,200,,Users 1-375,text,true,,1818,144,17,17,https://restcountries.eu/rest/v2/callingcode/372,10359,0,1650
1627491155157,10365,HTTP Request for Calling code,200,,Users 1-313,text,true,,1810,144,16,16,https://restcountries.eu/rest/v2/callingcode/372,10365,0,1578
1627491155404,10246,HTTP Request for Calling code,200,OK,Users 1-427,text,true,,1820,144,15,15,https://restcountries.eu/rest/v2/callingcode/372,10246,0,1496
1627491155389,10263,HTTP Request for Calling code,200,,Users 1-419,text,true,,1810,144,14,14,https://restcountries.eu/rest/v2/callingcode/372,10263,0,1548
1627491155346,10318,HTTP Request for Calling code,200,OK,Users 1-412,text,true,,1820,144,13,13,https://restcountries.eu/rest/v2/callingcode/372,10318,0,1565
1627491155348,10318,HTTP Request for Calling code,200,,Users 1-413,text,true,,1818,144,12,12,https://restcountries.eu/rest/v2/callingcode/372,10318,0,1588
1627491155105,10607,HTTP Request for Calling code,200,,Users 1-270,text,true,,1810,144,11,11,https://restcountries.eu/rest/v2/callingcode/372,10606,0,1978
1627491155108,10608,HTTP Request for Calling code,200,,Users 1-289,text,true,,1818,144,10,10,https://restcountries.eu/rest/v2/callingcode/372,10608,0,1942
1627491155099,10643,HTTP Request for Calling code,200,OK,Users 1-276,text,true,,1818,144,9,9,https://restcountries.eu/rest/v2/callingcode/372,10643,0,1959
1627491155091,10652,HTTP Request for Calling code,200,,Users 1-242,text,true,,1812,144,8,8,https://restcountries.eu/rest/v2/callingcode/372,10652,0,2000
1627491155080,10687,HTTP Request for Calling code,200,,Users 1-315,text,true,,1818,144,7,7,https://restcountries.eu/rest/v2/callingcode/372,10687,0,2040
1627491155086,10684,HTTP Request for Calling code,200,OK,Users 1-239,text,true,,1818,144,6,6,https://restcountries.eu/rest/v2/callingcode/372,10684,0,2034
1627491155087,10684,HTTP Request for Calling code,200,OK,Users 1-307,text,true,,1814,144,5,5,https://restcountries.eu/rest/v2/callingcode/372,10684,0,2023
1627491155091,11335,HTTP Request for Calling code,200,OK,Users 1-241,text,true,,1812,144,4,4,https://restcountries.eu/rest/v2/callingcode/372,11335,0,2984
1627491155900,11256,HTTP Request for Calling code,200,,Users 1-469,text,true,,1822,144,3,3,https://restcountries.eu/rest/v2/callingcode/372,11256,0,3039
1627491156753,10407,HTTP Request for Calling code,200,OK,Users 1-488,text,true,,1812,144,2,2,https://restcountries.eu/rest/v2/callingcode/372,10407,0,2192
1627491153725,13694,HTTP Request for Calling code,200,,Users 1-63,text,true,,1812,144,1,1,https://restcountries.eu/rest/v2/callingcode/372,13694,0,2953
